# assembly	Thunderstore package	version	zip sha256 (generated from the 100 most-downloaded mods and the
# libraries other mods depend on, 2026-10-02)
AALUND13_Cards_Core	AALUND13-AALUND13_Cards_Core	1.2.2	30cb57fa333649ca1f57a741ad46ee45f7a039057a3fc2a185ed298b19228c8a
Arcana	willis81808-Arcana	1.9.6	358668e6018da7634f14093a6fea91a94cca03e3bb48f988c98b9679797440fd
AttackLevelPatch	willuwontu-AttackLevelPatch	0.0.0	c458e69141f57cd42a2ddf08052e20a60d1c817dc7c7f1246bfa80182a8206b4
BetterChat	BossSloth-BetterChat	1.2.0	16a305cbd7914783e784a22316009724d94bdbe2e3f98e71f151b1f9ba601eb4
BlockForcePatch	willuwontu-BlockForcePatch	1.0.1	3b54ececf8065e3b7a916a2ffbedd02dbcfe492f82e175c055c7658661400ef2
BossSlothsCards	BossSloth-BSC	2.2.3	f4c1711b8e518d86db8d53ff7bb2c3446f5165cad42776cabd50217731e1769a
BPP	BPP_Team-BPP	3.0.1	1461abb6a7ae18d6e0041ae1dc55c196b1d1a75f1c9e22f183ad427921f3d540
BudsCards	BudsCards-BudsCards	1.2.7	f18ba53d5439de06a5b279e004d281d6e1d5270b3cdb66eb6242763000973c80
BurstPatch	willuwontu-StopShootingYoureDead	0.0.0	85474d549550f722622b4b3575a606333dbd3e641b864ff888fb98939dc9481d
CardBarPatch	BossSloth-CardBarPatch	2.1.1	3eaa906c0b1ed7c23b1e4fb7260218fd18c11cdaee6b6c346d0de03c92eece66
CardChoiceSpawnUniqueCardPatch	Pykess-CardChoiceSpawnUniqueCardPatch	0.1.10	311392c9665de8748d1ff8e61d6dd5663ece94292e33184f6e44ce8b3f838820
CardsPlusPlugin	willis81808-CardsPlus	1.8.12	54f12b02b1b2f7cf70bc61500a30664b01ddeb4d48f8fdc7da333fa750ce1db0
CardThemeLib	Root-CardThemeLib	1.1.7	54a80b348a5f9b26cfd46df4b1c51a6bdef5b8c61fd00ba5a21ab13320c355f3
ChaosPoppycarsCardsComplex	poppycars-ChaosPoppycarsCardsComplex	1.0.6	4c53651e9045ba0e95d932cd5de354cadcf11e26959a2e3d7d866be9067fb6af
ChaosPoppycarsCardsCore	poppycars-ChaosPoppycarsCardsCore	1.0.9	59157a0d8959b0c49d7aa89f403d610cd915ebe67e506a6822f0b18a23bc9f65
ClassesManager	FluxxField-ClassesManager	1.4.1	9706acdaca30bbfd051c9164098f92deb815abc51af26db24469370c8afc56e6
ClassesManagerReborn	Root-Classes_Manager_Reborn	1.5.5	05bea2daf6edd542c6b8193ac50d1cda8c1b5244fc21bfd0082f3828fb360fb8
CosmicRounds	XAngelMoonX-CR	2.7.0	db059e5c38fb365cba8f019320f40e0d9510938fa2983442e82a58b9a8ee5ea7
CrosshairForAll	Pykess-CrosshairForAll	1.0.1	b3e889cd8d233e89386d44a87f65f634c4755b4d836d548c05607a518b947849
DamageIndicators	willis81808-DamageIndicators	0.0.3	e710cc3c4e27170eca64e660e051013de86e921c385e3057d5fcd258a960acde
DeckCustomization	Pykess-Deck_Customization	0.2.8	61c1692e26d4ff9f062eec71abb4b6248f69b49eb334449586a0f8dcc56dc853
DeckSmithUtil	willis81808-DeckSmithUtil	1.0.0	ef12aa30d573885c1619fe1bbe7ba32496e53eb4605b0cf75d9105caaf476b29
DemonicPactPatch	Pykess-DemonicPactPatch	0.0.0	4c2e20bebd24264d7e069eef18f8e2c70fdb7f733d6dbacbce3f2db3e699818b
EvenSpreadPatch	willuwontu-EvenSpreadPatch	0.0.2	9dd245605ae404316cd59e5ced0277b00cdc4c1102932837ebc446ee87998186
FacesPlus	Pykess-Faces_Plus	1.0.0	ba306f42e48149aee7bbd5356da479bd8a8cdcc1139de4a5c1367e95e44a28f3
FancyCardBar	RS_Mind-FancyCardBar	1.3.5	6172419f70cb24ade23f150ef3973037e626ec46f14b73898b9124e72b95565c
FFC	FluxxField-FFC	4.4.2	ebad7900a3b016421d310b2848793e3c195a126d0dca93eab3a54848aca5cd68
GameSaver	otDan-GameSaver	1.0.7	b8b2b014ec2671d31697030b2fa327dbb8292ab5a52dd8bcfc17972f375c1d7b
GearUpCards	GearUP-GearUpCards	0.5.1	f64b098294d56ee3d53853a0dfb8ae8c8309064ff9e201d06e745dc886d69912
GodlyCards	TrampolineSquad-GodlyCards	1.0.0	6185d0ce092f1a9c4d81c32851ae318435f9d6bb3f6bcd6051307b5c16884aaf
Gravity Patch	Root-GravityPatch	0.0.0	fed7d23734ce2218792d1d0fa42b2e049536a99e152c2f8dc3be72cb260d4018
GrowPatch	RoundsModding-Grow_Patch	0.0.0	caf0184d35a50a8ab16c36b6b1fd47fb655fb1d96b47293e7d87dd0d03ae9fb8
GunBodyRecoilPatch	Root-GunBodyRecoilPatch	0.1.0	c81a5c3b3fefd091799361e4c49c5dd4f075b94cbcde01b2358e4d0ba285fcac
GunChargePatch	Sfinford-ProjectileChargePatch	0.0.1	10716e7dfce454f2dbabbd7084f5292d50842b51052d5c099368f4a8add6c324
GunProjectileSizePatch	Root-GunProjectileSizePatch	1.1.2	b36889b16e2503ea9ac6fd97e5e242cbbb8619ae5116dc19811e7e2bfa1a560f
GunUnblockablePatch	Pykess-GunUnblockablePatch	0.0.0	953dce66ed8056d31f0b35a2f9b3558cc89883c28a5d666e2ce3dd0cd1a74f1a
HDC	HatchetDaddy-HDC	1.2.7	f2b83601a56bc9c7d2493a9039f8f8e02a0942727eefae2c4e090b42a545d8ff
Infoholic	Penial-Infoholic	2.1.3	8a60e5d76f1657585aa5c7e8ea0aa9224588fc244dfba968211116622624e562
ItemShops	willuwontu-ItemShops	0.0.2	965b7a07165d74a9538da5a9e20fc71918fa52984ff228423e1d7d8a2fdc1b8d
JARL	AALUND13-JARL	2.9.1	294651ed4bdf12a98303d7d5991ca48920250d313fc23a47f52a00a0070a475a
JokeCards	JessieWessie-Yet_Another_Custom_Card_Mod	1.1.1	6a02dad3c9d33d5d0e11ee3a884542d5624f30959fd2199201d0298e80817cf4
KeysCards	Keys-KeysCards	2.1.0	23da69818483d04e5deef2ebe6fecdf8c0f8cc7f2e6effe9fcccf9aed56fa1eb
LegRaycastersPatch	Pykess-LegRaycastersPatch	0.0.0	30c2a9e8effd9bde3a52d5f293c60b22fc2f079485101f95feb311cc529d85a3
LobbyImprovements	RoundsModdingCommunity-LobbyImprovements	1.1.0	17e1be1569f12f31661795bed093d389b5eb83d29d0bcee0f09fed33fa0e6b03
LocalZoom	BossSloth-LocalZoom	1.1.1	4f5caa5f4a2c87b98026e5a83885902b8190f4da675411da6f70a20fd854b2ad
LopisParkour	lopidav-Lopis_Parkour	1.0.9	aa9ecb15104596ed7e45d8febbdb38d3717ca458ff7d6abf16dccb43cee86259
LuckLib	Root-Luck	0.2.0	ff8c6d2f87316db2582434d812dba3b76864112b15917ec50086735dac155083
MapEmbiggener	Pykess-Map_Embiggener	2.2.0	1d4a87511b6ea8f1ca3896fbbba6c630cfb603f6e34291ca8a415676e2f48cf6
MapImageObjects	woukie-MapImageObjects	1.2.3	133c12ab3cd4aba19fba60470789840899b012aaa029b08a96bc18c7c582e408
MapsExtended	olavim-MapsExtended	1.4.2	a4d468072f5159286c5783689dce953570030b7ba2ff91aa2da8e6de47250abf
MapsExtended.Editor	olavim-MapsExtendedEditor	1.4.2	4ae3acb693da65c9a5ebb4e229f7e014e272871cb1437f7e187067801d802426
MFM	MrFuntik-MFM	3.8.1	ac9225663458478444603828bf869acf54831d6391dfcf9a57b10040d0441622
ModdingUtils	Pykess-ModdingUtils	0.4.8	be3734e138c5a350fec55d5c64a1c39cbde9d36742c35c4969febd504b499e84
ModsPlus	willis81808-ModsPlus	1.6.2	ff4310c27e92595dcb053eafb6a3eddefe6710b48c9efdef77a68de28828918b
MorePicksPatch	Root-MorePicksPatch	1.0.2	065264990f004b94fe9565d6844db7e97d05f33be72403f4662b91fbf43608b0
NullManager	Root-NullManager	1.3.1	44a41854989ee23215ccfc6d6be88bdda25a2501f01eebac2b34c938a4729e68
PCE	Pykess-PCE	2.7.11	12a195d7e5568477a2e2ae3e62eda109fcef1987f503921273759a96748982d3
PerformanceImprovements	RoundsModding-Performance_Improvements	0.2.0	580dbb6ed77e9aa89f22f4368ad52fae8cc990427b6690e3733a66c2d8e7c6a3
PFFC	Root-Port_of_FFC	1.3.11	ffad45b471b4c32fbaac4ddb34dcee09f36524d7f70acf6e14b66f2b1ef18398
PickNCards	Pykess-Pick_N_Cards	0.2.6	fe16fa0b8f3b7c8d1acf3885f454cac94e352b86042829fd0ff9089f2d9602fd
PickPhaseImprovements	Root-PickPhaseImprovements	0.4.3	8765ed015c113e9586f7f6c0eb3258fa569a4ba6607968b36e1491c8bb9a9520
PickTimer	otDan-PickTimer	2.0.1	4ab2abe98d2ccab0ac391e46cfcde1bb36097ca9007560856a78d45cd4d83490
PickTimerCompat	Root-PickPhaseImprovements	0.4.3	8765ed015c113e9586f7f6c0eb3258fa569a4ba6607968b36e1491c8bb9a9520
PlayerActionsHelper	willreuploadscuzheruinedstuff-PlayerActionsHelper	0.0.1	d094b453a8670618b410e407873e2c2e31b47c443fbc3e32c12148cfb7ee5f3c
PlayerCustomization	Pykess-PlayerCustomizationUtilities	1.0.1	4ee68a4d32cb52b7fd2c72ee0a79e2c5bdbb72f650019d2d9cb50fb49c6e2047
PlayerJumpPatch	Pykess-PlayerJumpPatch	0.0.2	7d75025899aa9799bbefeff0550d1d31ffeaa487d2ef43e4ed7bd190fe6526e0
PlayerTimeScale	Root-PlayerTimeScale	0.0.3	51b1fbebdd71a4c9ee23aa2234155a7206e2c14de9914cf33003c32c8b21d2c9
ProjectilesToSpawnNumberOfSpawnsPatch	Root-ProjectilesToSpawnNumberOfSpawnsPatch	0.0.0	b08a93c55fd98a4d003262d1e0c1a709f560d58e8448d8adcae3cafb078febd9
PSA	poppycars-PoppycarsStatAdditions	0.1.2	aa900c147d4a8d6f131c2c471c2a81dab06a6fc25200894d884c3842e3f96ee9
RandomCardsGenerator	AALUND13-RandomCardsGenerator	1.3.2	c85f6e3e1caad78c20f63a00e2fe96ff0cf7bd5b5fe65a6b65798b4cf655f94e
Rarity Bundle	CrazyCoders-RarityBundle	0.2.1	1e24200f487c673f09b59edab267a329eeed1d471b092dd3e7319e1fa1c8c27c
RarityLib	Root-RarityLib	1.3.0	feec620aa0efebc41f83f3a07c33b7eac34a806609b58e7ca16732c89da44455
RayHitReflectPatch	Pykess-RayHitReflectPatch	0.0.0	db7d363ba074e2faaa8fbe6240a4e331a10d8c2c04f1530d504a04044f3bb874
Regeneration Patch	Root-RegenerationPatch	0.0.0	ecb032541a6645146507ba0419c398f2c50bc082fab31daae5730fe1fb245b3b
ResetAttackCooldownPatch	Senyksia-ResetAttackCooldownPatch	1.0.1	eca8f3ffc8fa10223cb0c0abe9f001eed1b415e8bb0d90375713b703c7e25aa5
RespawnPatch	willuwontu-RespawnPatch	1.0.6	a40d5ded6ee3816d47fed19a489f771e73b91ca08b9dd84d20d3e6dc0c2eb4b6
Root Advanced Cards	Root-Root_Advanced_Cards	1.1.6	b461003c90b4ab2376ae7ea90d53dc6d1760b7edd437174dedb4af037d44c8b5
Root Core Modual	Root-Root_Core	1.4.10	8a7fc81f6b5a9c134a1d136dc84059bef04524837a434e013114da7f5321e0d5
Root_Cards_DC_Compat	Root-Root_Core	1.4.10	8a7fc81f6b5a9c134a1d136dc84059bef04524837a434e013114da7f5321e0d5
Root_Maps	Root-Root_Maps	0.3.3	9c6dbc5feb1fe10ae5caefe4cb09d5b788f9a20e09610dff75ca192e5bf4c202
RootCoreRoundsTrackerPatch	Root-Root_Core	1.4.10	8a7fc81f6b5a9c134a1d136dc84059bef04524837a434e013114da7f5321e0d5
RoundsToggleEffectsMod	CrazyMan-ToggleEffectsMod	1.1.3	0184cb24e5a4887f5fffacdb0166989bd894278d9c3a27fcfba7d29e178c5917
RSCards	RS_Mind-RSCards	1.7.5	cfebe5a423ee25db394f75494a40599e42ffe3362ef1014713e6cfd295b263b5
RSClasses	RS_Mind-RSClasses	3.2.0	73cd07cda1b53fa8c2798b2baf3bb0873ffb916af151a1f550c40ee9c5af565b
RWFSettingsUI	willuwontu-RoundsWithFriendSettingsUI	0.0.1	c404f7f9d572bad58369ac1b5166a4e20e2cfb3423847efc8f002ce30deec5ca
SCME	Sfinford-SCME	3.1.1	79ac9b571fef554a2f000e2f4d76f7f9aea69b7f38ba3492c4168f872f96d8ce
Simple_Gamemodes	Root-Simple_Gamemodes	1.3.7	05d19ab96fe3867af0539888f77fe1e18eadd388f198d628fcbb9b06305eb02c
SimulationChamber	willuwontu-SimulationChamber	0.0.3	046815ffa08d41c160003d62bc841fc6bc0ee5bee958b9b9bd138dc10fbefb6a
StickFightMaps	BossSloth-StickFightMaps	0.3.3	078183bd88548b0efd97e4a57c0b7a1900fd416cdf4ab2caf1139e37562f8f1b
Supcom2Cards	Alphahex-Supcom2Cards	2.0.3	051361f4ec61d26a6fb6a815568d8d4cf97ea9af0efee5b1503eb1570a28ce45
TabInfo	willuwontu-TabInfo	0.0.7	07bb72bf24fe8dcd3df602013400059c93ff842797e7f67c8df576b734de90f9
TeleportPatch	Pykess-TeleportPatch	0.0.1	1eab14fa18af29e6483c866a47635da7a08fe9d72cffa022182ff5f720ba5286
TemporaryStatsPatch	Pykess-TemporaryStatsPatch	0.0.2	246264f2dd31a2d0b53ba843ffbba19d2961a86401c0c8ad3b3921c9f9499379
ToggleCardsCategories	AALUND13-ToggleCardsCategories	1.5.1	aec1f9e94009a344a649596d054b946fad5801bb2cb636ff3cfa523c301f39aa
TTGCards	TimeToGrind-TimeToGrind_Cards	0.0.1	6870589b97296aee9ab4d36fc8e33b012d85557304e613bf70aa3a121635e943
UnstableCards	Astr0ni-UnstableCards	2.9.0	6643ada2398ac26b146360773c3922f1b3978067f95f344cb57c358f15d8eba7
UtilityCategories	Root-UtilityCategories	0.1.0	40c613a6220e7d229815a7cbd64e4228c128a4de3f5ebea6680973fcad1e2726
VanillaMapObjects	RS_Mind-VanillaMapObjects	1.1.0	40d375c9b5d0943b9b1b02fa6c5aa137fc492010e2c60e93412c6ffdbb537055
VanillaMapObjectsEditor	RS_Mind-VanillaMapObjectsEditor	1.1.0	779dd7f2b6ca0bf5e1ddb9876ffbaa49298c71108dc8130eef3f3601e0026970
VECsPlugin	Virepri-VECs	1.2.1	12ba9bdc779c62339f425c6f8c105e87b721cd9d6683813d2218b4fd57c3a246
WeaponsManager	RS_Mind-WeaponsManager	1.4.5	a81147733b557ec70f756f0a2bfece150736394ad3050207bfc6d77b26fc2d0f
WillsWackyCards	willuwontu-WillsWackyCards	1.12.1	f9f67d3cf38fd1888e200cdf0c4bc7039ac143f4be6d0481d5b7f87e1b076cf2
WillsWackyGameModes	willuwontu-WillsWackyGameModes	0.0.6	ccc385bd0907dafb73a4747043ec359acef99b8aa9e8c4cf059f6d0af5cbfa59
WillsWackyManagers	willuwontu-WillsWackyManagers	1.5.17	7ac7d3352ed8969ce2e695aa5081670aa515fd9535499f4ab211351e87fdf3dc
WillsWackyMapObjects	willuwontu-WillsWackyMapObjects	1.2.4	28ad3ada37222ea32398e30a696e4400cdd5d7c3e74e0dd85b1e9b9393d18956
WillsWackyMapObjectsEditor	willuwontu-WillsWackyMapObjectsEditor	1.2.4	29b0cbf0d8954c373c5607fb22a57af15656a2567375d221dac6ddff4f11602b
ZenithsCommission	Pykess-Toggle_Friendly_Fire	0.0.0	d5c93931056478a32460f08d9c6b47cd269bc0b195155de2e3dc0a7fff48e4c7
ZeroGBulletPatch	TeamDK-ZeroGBulletPatch	1.1.0	01c0be920a0a852bfad07e6ed302ecef8e611374b387e62d87bd531b4b6b1af8
ZomC-Cards	Zom_23-ZOMC	2.4.3	1e73424ea1467baf08f684fe70a7f798238e990b4c6751022d32652c4f2fa316
